date,timeStamp,temperature,outside temperature,humidity,co2,pm2.5,pm10,pressure,gasResistance,bsec  breath_voc_equivalent ,bsec  raw_humidity,bsec bsec_status,bsec co2_equivalent,bsec gas,bsec humidity,bsec iaq,bsec iaq_accuracy,bsec pressure,bsec raw_temperature,bsec static_iaq,bsec temperature
2023-08-28,00:03:35,21.19,15.12,55.353,486,1.3,2.3,1012.16,864233.2415041055,7.650442,55.014999,0.0,2054.599365,853350.0,55.251217,223.32576,3.0,101218.0,22.32,205.459946,22.255297
2023-08-28,00:08:35,21.16,15.12,55.42,483,1.4,2.7,1012.24,856416.5517909273,8.194283,55.098999,0.0,2100.029053,846395.0,55.305473,229.027893,3.0,101224.0,22.290001,210.002899,22.225296
2023-08-28,00:13:35,21.27,15.12,55.278999999999996,487,1.2,2.4,1012.26,852560.9926845741,8.489587,54.972,0.0,2123.449463,835913.0,55.221878,232.342117,3.0,101224.0,22.389999,212.344955,22.325291
2023-08-28,00:18:35,21.25,14.99,55.45,489,1.3,2.5,1012.28,843541.7000140541,8.866914,55.188999,0.0,2152.217285,830258.0,55.416466,236.273788,3.0,101226.0,22.360001,215.221741,22.295296
2023-08-28,00:23:35,21.18,14.99,55.653999999999996,491,1.3,2.5,1012.3,837017.0718376383,9.599978,55.345001,0.0,2204.765381,822669.0,55.54940799999999,242.858459,3.0,101232.0,22.309999,220.476547,22.245295
2023-08-28,00:28:35,21.26,15.05,55.478,484,1.4,3.4,1012.32,834711.2410224556,9.583203999999999,55.243999,0.0,2203.608643,820170.0,55.46181899999999,243.450668,3.0,101233.0,22.35,220.360855,22.285286
2023-08-28,00:33:35,21.29,15.02,55.576,485,1.2,3.0,1012.33,828775.1142093001,9.77875,55.247002,0.0,2216.971191,819175.0,55.48576,245.677628,3.0,101232.0,22.379999,221.697128,22.315294
2023-08-28,00:38:35,21.27,15.02,55.73,488,1.4,3.9,1012.28,821138.7084236076,10.069372,55.486,0.0,2236.345459,812763.0,55.70446800000001,245.419495,2.0,101228.0,22.35,223.63453700000002,22.285295
2023-08-28,00:43:35,21.28,15.02,55.724,495,1.3,2.6,1012.24,815393.3925544795,10.658934,55.490002,0.0,2273.986572,798817.0,55.685722,245.702927,3.0,101220.0,22.360001,227.398651,22.295296
2023-08-28,00:48:35,21.23,15.02,55.874,490,1.3,3.0,1012.16,811028.334171848,11.070258,55.504002,0.0,2299.034424,798344.0,55.730164,245.950638,2.0,101214.0,22.33,229.90344199999998,22.265297
2023-08-28,00:53:35,21.32,15.02,55.57,490,1.2,2.5,1012.16,810160.92470938,11.279426,55.269001,0.0,2311.417236,792719.0,55.497944,246.797531,3.0,101214.0,22.4,231.141724,22.335281
2023-08-28,00:58:35,21.25,14.99,55.654,486,1.2,2.4,1012.14,807569.7932449178,11.603867,55.456001,0.0,2330.177002,791325.0,55.673939000000004,245.89125099999998,2.0,101212.0,22.34,233.0177,22.275295
2023-08-28,01:03:35,21.27,14.99,55.69,481,1.1,2.4,1012.04,798629.9116260633,11.849264,55.38800000000001,0.0,2344.02124,788551.0,55.609047,246.781952,2.0,101202.0,22.35,234.402115,22.285295
2023-08-28,01:08:35,21.27,14.99,55.677,486,1.1,2.7,1012.06,799894.900154829,11.824899,55.333,0.0,2342.659424,785340.0,55.522377,246.812271,2.0,101204.0,22.370001000000002,234.26594500000002,22.305296
2023-08-28,01:13:35,21.36,14.96,55.38,483,1.1,3.0,1012.04,806709.7620347281,11.61805,55.23,0.0,2330.985107,789012.0,55.47068,246.32515,3.0,101202.0,22.4,233.098511,22.335297
2023-08-28,01:18:35,21.32,14.96,55.447,478,1.3,2.6,1012.02,803714.0246736323,11.715967,55.464001,0.0,2336.537109,785340.0,55.715954,246.3862,3.0,101200.0,22.34,233.653717,22.275295
2023-08-28,01:23:35,21.27,14.96,55.645,477,1.1,3.0,1012.06,801587.79838355,11.539188,55.247002,0.0,2326.479248,789012.0,55.42606,244.421509,3.0,101204.0,22.389999,232.647934,22.325279
2023-08-28,01:28:35,21.31,14.78,55.43600000000001,478,1.2,2.6,1012.08,804140.6242159319,11.610182,55.200001,0.0,2330.536865,785797.0,55.405628,245.595779,3.0,101206.0,22.379998999999998,233.05367999999999,22.315294
2023-08-28,01:33:35,21.18,14.78,55.758,477,1.1,2.3,1012.12,806709.7620347281,11.365642,55.52,0.0,2316.45459,790398.0,55.727619,244.436951,2.0,101212.0,22.27,231.645447,22.205296
2023-08-28,01:38:35,21.2,14.78,55.712,473,1.1,2.2,1012.1,799894.900154829,11.804236999999999,55.546001000000004,0.0,2341.502441,783517.0,55.748539,246.18785099999997,3.0,101212.0,22.27,234.150253,22.205296
2023-08-28,01:43:35,21.24,14.63,55.742,471,1.2,3.3,1012.08,796949.4709644183,11.721069,55.297001,0.0,2336.825195,777650.0,55.523098,245.916183,3.0,101208.0,22.35,233.68251,22.28528
2023-08-28,01:48:35,21.2,14.63,55.712,469,0.9,2.0,1012.04,797368.9177979787,12.06457,55.507999,0.0,2355.933594,774083.0,55.713359999999994,247.28138700000002,3.0,101206.0,22.27,235.59335299999998,22.205296
2023-08-28,01:53:35,21.11,14.82,55.856,468,1.2,2.4,1012.06,795276.087271544,12.110387,55.842999,0.0,2358.440918,777202.0,56.19945500000001,247.310532,2.0,101206.0,22.110001,235.844101,22.045296
2023-08-28,01:58:35,21.2,14.82,55.727,472,1.1,3.1,1012.12,791536.5468328996,12.582774,55.41,0.0,2383.754639,770988.0,55.63405600000001,246.774673,3.0,101214.0,22.280001000000002,238.375473,22.21529
2023-08-28,02:03:35,21.12,14.82,55.867,475,1.0,1.9,1012.12,788241.9118301901,12.587195,55.613998,0.0,2383.987061,769669.0,55.798359,245.991898,3.0,101214.0,22.219999,238.398712,22.155296
2023-08-28,02:08:35,21.12,14.38,55.808,471,1.1,3.2,1012.14,789885.7938413934,12.365257000000001,55.613997999999995,0.0,2372.21875,775862.0,55.829207999999994,245.50914,3.0,101214.0,22.200001,237.22187799999998,22.135294000000002
2023-08-28,02:13:35,21.17,14.38,55.675,472,1.0,1.9,1012.14,791950.3137223193,12.096613,55.429001,0.0,2357.688232,774527.0,55.600174,244.729523,3.0,101212.0,22.27,235.768814,22.20529
2023-08-28,02:18:35,21.13,14.38,55.776,468,1.1,2.8,1012.12,791123.2120760081,11.816294000000001,55.493999,0.0,2342.177979,769231.0,55.65801999999999,243.84222400000002,3.0,101212.0,22.24,234.217789,22.175293
2023-08-28,02:23:35,21.13,14.47,55.782,472,1.0,1.8,1012.1,791123.2120760081,11.829849,55.555,0.0,2342.936279,774971.0,55.749546,244.656387,3.0,101212.0,22.219999,234.293625,22.155279
2023-08-28,02:28:35,21.16,14.5,55.668,473,0.9,1.9,1012.06,784161.9872738696,11.795055,55.493999,0.0,2340.987793,773639.0,55.69249,245.190994,3.0,101210.0,22.24,234.09877000000003,22.175297
2023-08-28,02:33:35,21.05,14.47,56.028999999999996,475,1.1,3.0,1012.14,783756.3165549592,12.196726,55.806000000000004,0.0,2363.140625,767482.0,55.991859,247.814148,2.0,101210.0,22.139999,236.314056,22.075293
2023-08-28,02:38:35,20.97,14.53,56.187,474,1.1,2.5,1012.16,783756.3165549592,12.296432000000001,55.896,0.0,2368.526611,766610.0,56.047447,247.851379,2.0,101214.0,22.1,236.85266099999998,22.035295
2023-08-28,02:43:35,21.07,14.51,55.919,478,1.0,2.1,1012.16,780124.0804788305,12.254116,55.648998,0.0,2366.246094,765306.0,55.846436,246.423004,2.0,101212.0,22.16,236.624603,22.095295
2023-08-28,02:48:35,21.1,14.42,55.727,480,1.0,3.0,1012.1,783756.3165549592,12.15231,55.445,0.0,2360.727295,769231.0,55.601151,246.58708199999998,3.0,101212.0,22.209999,236.072723,22.145281
2023-08-28,02:53:35,21.19,14.42,55.418,482,0.9,1.7,1012.02,788652.2405258447,11.564705,55.229,0.0,2327.940674,769231.0,55.434929,243.881714,3.0,101202.0,22.26,232.794067,22.195297
2023-08-28,02:58:35,21.15,14.33,55.515,484,0.9,1.9,1012.0,790297.8362547561,11.117134,55.292999,0.0,2301.829834,771429.0,55.459118000000004,241.867538,3.0,101200.0,22.26,230.182983,22.195293
2023-08-28,03:03:35,21.2,14.33,55.391999999999996,485,1.1,3.2,1011.94,789474.1808625489,10.755336,55.252998,0.0,2279.942627,777650.0,55.461197,240.28978,3.0,101196.0,22.27,227.994263,22.205296
2023-08-28,03:08:35,21.16,14.34,55.486,490,0.9,1.8,1011.94,792364.5134222999,10.672319,55.140999,0.0,2274.81665,775416.0,55.335609,240.505264,3.0,101194.0,22.27,227.48167400000003,22.205297
2023-08-28,03:13:35,21.09,14.34,55.68,487,0.9,2.2,1012.02,793194.2139731715,10.511726,55.424999,0.0,2264.786621,775416.0,55.61434200000001,240.204636,3.0,101202.0,22.190001,226.478653,22.125298
2023-08-28,03:18:35,20.98,14.27,55.889,488,0.8,2.1,1012.02,793194.2139731715,10.718678,55.576,0.0,2277.684082,776308.0,55.746387,242.333282,3.0,101200.0,22.110001,227.768417,22.045296
2023-08-28,03:23:35,21.05,14.27,55.708,491,0.9,2.3,1011.94,789062.9966472306,10.740855,55.360001,0.0,2279.05127,772753.0,55.548649,243.229645,3.0,101190.0,22.200001,227.905136,22.135296
2023-08-28,03:28:35,21.1,14.27,55.497,497,1.0,1.8,1011.9,794442.027911294,10.467224,55.222,0.0,2261.97998,774971.0,55.442108,242.144531,3.0,101188.0,22.200001,226.19799799999998,22.135294000000002
2023-08-28,03:33:35,21.1,14.23,55.463,499,0.9,1.4,1011.9,794858.8387930525,10.068529,55.25,0.0,2236.290039,777650.0,55.476284,240.11731,3.0,101190.0,22.200001,223.628998,22.135296
2023-08-28,03:38:35,21.15,14.23,55.352,500,0.8,1.6,1011.94,796530.4651895751,9.744283,55.189999,0.0,2214.635254,781702.0,55.462318,238.522461,3.0,101196.0,22.219998999999998,221.46353100000002,22.155294
2023-08-28,03:43:35,21.1,14.19,55.36600000000001,498,0.6,4.6,1011.9,796530.4651895751,9.583365,55.171001,0.0,2203.619629,779446.0,55.414898,238.055588,3.0,101190.0,22.209999,220.361969,22.145294
2023-08-28,03:48:35,21.11,14.08,55.39100000000001,504,1.0,2.4,1011.83,796530.4651895751,9.278542999999999,55.189999,0.0,2182.236084,787172.0,55.462233999999995,236.45088199999998,3.0,101185.0,22.209999,218.22361800000002,22.145294
2023-08-28,03:53:35,21.01,14.19,55.708,509,0.9,1.8,1011.83,797368.9177979787,9.639342,55.455002,0.0,2207.472412,775416.0,55.71950500000001,239.960861,3.0,101179.0,22.120001,220.747238,22.055296
2023-08-28,03:58:35,21.02,13.94,55.714,509,0.9,1.3,1011.85,795276.087271544,9.42038,55.415001000000004,0.0,2192.271973,777650.0,55.692333,239.013794,3.0,101185.0,22.120001000000002,219.22720299999997,22.055296
2023-08-28,04:03:35,20.89,13.94,56.09,502,1.0,2.2,1011.88,797788.8063870319,9.93363,55.687,0.0,2227.366699,771870.0,55.92023100000001,243.614471,3.0,101192.0,22.030001,222.736679,21.965298
2023-08-28,04:08:35,20.94,13.94,55.82899999999999,504,1.3,3.5,1011.98,789885.7938413934,10.087927,55.646,0.0,2237.563232,769669.0,55.889977,245.493225,3.0,101198.0,22.040001,223.756317,21.975296
2023-08-28,04:13:35,20.9,13.9,55.945,511,1.1,3.3,1012.0,783756.3165549592,10.346791,55.629002,0.0,2254.324463,766610.0,55.875324,247.335083,2.0,101200.0,22.02,225.432449,21.955296
2023-08-28,04:18:35,20.99,13.9,55.53100000000001,516,0.9,2.3,1012.0,787422.5340502183,9.833891,55.41,0.0,2220.691162,772753.0,55.69347,244.3759,3.0,101198.0,22.07,222.06910699999997,22.005297
2023-08-28,04:23:35,20.98,13.9,55.55,525,1.1,2.0,1011.94,793609.7161872381,9.525325,55.318999999999996,0.0,2199.601074,773639.0,55.580486,242.753952,3.0,101194.0,22.08,219.960098,22.015282
2023-08-28,04:28:35,20.93,13.69,55.629,526,1.0,2.3,1011.85,794025.6539382241,9.363792,55.458,0.0,2188.286377,776308.0,55.719513,242.21061699999998,3.0,101185.0,22.030001000000002,218.828644,21.965294
2023-08-28,04:33:35,20.95,13.67,55.608000000000004,531,0.9,2.3,1011.67,787832.0098934562,9.426135,55.38600200000001,0.0,2192.676025,774527.0,55.64271899999999,243.425766,3.0,101165.0,22.059999,219.267609,21.995293
2023-08-28,04:38:35,20.94,13.67,55.543,533,0.9,1.4,1011.55,796949.4709644183,9.103584,55.391998,0.0,2169.643066,778996.0,55.67009,241.55726600000003,3.0,101157.0,22.030001000000002,216.964294,21.965294
2023-08-28,04:43:35,20.92,13.67,55.565,537,1.0,2.5,1011.46,790297.8362547561,9.273031,55.32,0.0,2181.843018,775862.0,55.54713100000001,243.664261,3.0,101146.0,22.040001,218.184311,21.975298
2023-08-28,04:48:35,20.86,13.75,55.69600000000001,539,1.0,2.0,1011.55,789885.7938413934,9.086691,55.432999,0.0,2168.4140620000007,778996.0,55.675663,242.87228399999998,3.0,101157.0,21.98,216.84141499999998,21.915293
2023-08-28,04:53:35,20.9,13.75,55.65600000000001,538,1.0,2.5,1011.61,793194.2139731715,9.053144,55.368,0.0,2165.967285,777202.0,55.570557,243.326431,3.0,101161.0,22.02,216.596741,21.955297
2023-08-28,04:58:35,20.81,13.71,55.775,547,0.9,1.7,1011.59,795693.7740362595,8.961646,55.508998999999996,0.0,2159.247559,781250.0,55.716347,243.29505899999998,3.0,101153.0,21.940001000000002,215.924744,21.87528
2023-08-28,05:03:35,20.89,13.71,55.669,543,1.1,2.2,1011.47,790710.3087750288,9.102825,55.355,0.0,2169.587646,772753.0,55.55699499999999,245.220657,3.0,101151.0,21.99,216.958771,21.925297
2023-08-28,05:08:35,20.9,13.64,55.584,548,1.0,2.2,1011.46,791536.5468328996,8.861055,55.38800000000001,0.0,2151.780029,778547.0,55.624343999999994,243.91917400000003,3.0,101147.0,21.969998999999998,215.17800899999997,21.905282999999997
2023-08-28,05:13:35,20.9,13.64,55.558,544,0.9,1.5,1011.46,789062.9966472306,9.063226,55.296001,0.0,2166.703613,776308.0,55.50133100000001,246.38945,3.0,101147.0,22.0,216.670364,21.935286
2023-08-28,05:18:35,20.88,13.64,55.535,548,1.0,1.9,1011.47,788652.2405258447,8.865505,55.352001,0.0,2152.112305,775862.0,55.57524100000001,245.45581099999998,3.0,101146.0,21.950001,215.211227,21.885296
2023-08-28,05:23:35,20.84,13.64,55.595,554,0.9,2.5,1011.61,790710.3087750288,8.929607,55.421001,0.0,2156.878174,774971.0,55.614899,244.898376,3.0,101161.0,21.93,215.68782,21.865297
2023-08-28,05:28:35,20.89,13.73,55.48,560,1.1,2.8,1011.69,791123.2120760081,8.743505,55.32,0.0,2142.9453120000007,774083.0,55.554424,243.887833,3.0,101171.0,21.950001,214.29453999999998,21.885296
2023-08-28,05:33:35,20.75,13.7,55.858000000000004,568,0.9,1.9,1011.83,785381.5230432003,8.911019999999997,55.562,0.0,2155.5,774527.0,55.727474,245.493225,2.0,101179.0,21.870001,215.549988,21.805298
2023-08-28,05:38:35,20.69,13.7,56.019,568,0.9,1.5,1011.85,788241.9118301901,9.332897,55.764998999999996,0.0,2186.100098,771870.0,55.911003,246.514786,3.0,101186.0,21.83,218.61000099999998,21.765295000000002
2023-08-28,05:43:35,20.72,13.7,56.0,572,1.0,1.8,1011.86,782946.23301086,9.707577,55.630001,0.0,2212.138916,760563.0,55.797733,247.655151,2.0,101186.0,21.85,221.213882,21.78528
2023-08-28,05:48:35,20.8,13.79,55.722,579,0.9,1.6,1011.92,780124.0804788305,9.504703,55.492001,0.0,2198.167236,762712.0,55.684546999999995,244.84346000000002,2.0,101190.0,21.9,219.81672700000001,21.835297
2023-08-28,05:53:35,20.71,13.92,55.949,583,0.9,1.9,1011.88,772565.5143086282,9.720744,55.683998,0.0,2213.0354,762712.0,55.862896,245.75459300000003,2.0,101188.0,21.82,221.303543,21.755283
2023-08-28,05:58:35,20.78,13.79,55.758,591,0.9,1.9,1011.86,772565.5143086282,9.885702,55.562,0.0,2224.167236,755879.0,55.754757,245.580231,3.0,101186.0,21.879998999999998,222.416733,21.815294
2023-08-28,06:03:35,20.71,13.93,55.871,594,0.9,1.6,1011.96,776923.5734319063,10.520262,55.68,0.0,2265.323486,749584.0,55.845348,245.941345,2.0,101196.0,21.83,226.532349,21.765282
2023-08-28,06:08:35,20.84,13.93,55.544,596,0.9,1.5,1011.98,707237.1924117669,10.243074,55.448002,0.0,2247.659668,750417.0,55.66265500000001,244.77011099999999,3.0,101198.0,21.889999,224.76597599999997,21.825294
2023-08-28,06:13:35,20.72,13.91,55.882,600,0.9,1.6,1012.0,709890.9887069212,10.316534,55.769001,0.0,2252.387207,752928.0,55.95084,246.062592,3.0,101204.0,21.799999,225.238708,21.735296
2023-08-28,06:18:35,20.7,13.9,56.015,604,1.0,2.6,1012.04,707237.1924117669,10.967454,55.769001,0.0,2292.862305,741832.0,55.959534,247.74388100000002,2.0,101204.0,21.799999,229.28624,21.735292
2023-08-28,06:23:35,20.65,13.9,56.129,593,1.0,1.8,1012.04,698747.7397243888,11.442745,55.904999,0.0,2320.927246,741017.0,56.088715,247.414505,2.0,101210.0,21.75,232.092712,21.685295
2023-08-28,06:28:35,20.67,13.9,56.093,602,0.8,2.0,1012.18,700688.7043340246,11.6954,55.817001,0.0,2335.3747559999997,732963.0,55.96165500000001,247.091293,3.0,101220.0,21.790001,233.53747599999997,21.725294
2023-08-28,06:33:35,20.69,13.91,56.019,601,0.8,2.4,1012.22,694897.8925656795,12.12864,55.848,0.0,2359.4375,729001.0,56.03856999999999,248.537613,3.0,101226.0,21.77,235.943741,21.705296
2023-08-28,06:38:35,20.67,13.88,56.119,597,0.9,1.5,1012.24,692988.8337415432,12.045404,55.848,0.0,2354.881836,732963.0,56.022133,245.86103799999998,3.0,101226.0,21.77,235.48817400000001,21.705282
2023-08-28,06:43:35,20.63,13.88,56.17100000000001,605,1.0,2.1,1012.35,686700.3731886175,12.622531,55.971001,0.0,2385.841553,720433.0,56.16138100000001,248.022064,2.0,101239.0,21.74,238.584152,21.675297
2023-08-28,06:48:35,20.64,13.9,56.118,606,1.0,2.2,1012.39,689202.0121404377,12.896485,55.865002000000004,0.0,2400.045654,725081.0,56.046684,245.25924700000002,2.0,101239.0,21.75,240.00456200000002,21.685295
2023-08-28,06:53:35,20.58,13.88,56.31,608,1.1,2.5,1012.43,678694.006734997,14.048122,55.973,0.0,2456.628906,709070.0,56.13148100000001,247.917526,2.0,101241.0,21.719999,245.662903,21.655279
2023-08-28,06:58:35,20.59,13.88,56.357,618,1.1,4.2,1012.53,678694.006734997,14.918622000000001,56.063999,0.0,2496.4013670000004,706100.0,56.228275,248.388245,2.0,101253.0,21.690001000000002,249.640137,21.625298
2023-08-28,07:03:35,20.94,14.02,55.458,623,1.0,3.4,1012.63,675061.3919702615,14.148871,55.368999,0.0,2461.356445,715086.0,55.627407,243.933273,3.0,101263.0,21.959999,246.135635,21.895294
2023-08-28,07:08:35,20.75,14.19,56.029,654,1.5,9.8,1012.59,669092.6836573939,14.338372,55.775002,0.0,2470.157715,707582.0,55.984409,245.16822799999997,2.0,101259.0,21.82,247.01577799999998,21.755295
2023-08-28,07:13:35,20.78,14.02,55.909,656,1.2,4.9,1012.63,665561.8540974144,14.693886,55.606998,0.0,2486.360107,700962.0,55.790173,246.11467,3.0,101263.0,21.879999,248.636002,21.815294
2023-08-28,07:18:35,20.92,14.22,56.412,647,1.1,4.4,1012.76,662068.0936151698,14.847635999999998,55.969002,0.0,2493.246094,693751.0,56.160439000000004,246.89538599999997,3.0,101278.0,22.01,249.324615,21.945282000000002
2023-08-28,07:23:35,21.06,14.22,55.588,674,1.2,4.1,1012.72,663228.597754211,14.769199,55.518002,0.0,2489.742188,691616.0,55.803596,246.756546,2.0,101271.0,22.059999,248.974213,21.995295
2023-08-28,07:28:35,20.8,14.29,56.68,664,1.3,4.8,1012.71,662068.0936151698,14.821694,56.349998,0.0,2492.089355,691616.0,56.542885,247.748535,3.0,101267.0,21.93,249.208923,21.86528
2023-08-28,07:33:35,20.87,14.29,57.13,675,1.6,8.8,1012.69,651242.5474800083,15.84956,56.591999,0.0,2536.444824,675001.0,56.798203,249.234558,2.0,101269.0,21.98,253.644485,21.915295
2023-08-28,07:38:35,21.23,14.34,56.735,751,1.4,7.5,1012.69,650123.5748604994,15.6899,56.722,0.0,2529.74707,670304.0,57.00025600000001,246.913589,3.0,101267.0,22.23,252.97470099999998,22.165297
2023-08-28,07:43:35,21.24,14.34,57.58,771,1.4,4.9,1012.63,629570.5985943379,17.953676,57.757999,0.0,2618.906738,650266.0,58.050102,247.542404,2.0,101263.0,22.24,261.890686,22.175295
2023-08-28,07:48:35,21.29,14.34,57.39,772,1.1,5.4,1012.69,620790.7036443421,20.358906,57.058997999999995,0.0,2702.077148,642215.0,57.340115000000004,247.935593,3.0,101267.0,22.34,270.207703,22.275297
2023-08-28,07:53:35,21.46,14.48,56.387,789,1.1,3.8,1012.65,614240.1575020668,21.07583,56.445,0.0,2724.97168,634958.0,56.789352,245.544342,2.0,101265.0,22.459999,272.497162,22.395298
2023-08-28,07:58:35,21.39,14.48,57.05,804,1.3,3.4,1012.61,606851.5487707008,22.403545,57.429001,0.0,2765.385986,626697.0,57.718491,247.69519,2.0,101261.0,22.41,276.53860499999996,22.345295
2023-08-28,08:03:35,21.23,14.51,58.063,822,1.6,9.7,1012.59,596330.8841576035,26.31451400000001,57.943999999999996,0.0,2871.827393,607501.0,58.153198,250.04657000000003,2.0,101259.0,22.379999,287.182739,22.315285
2023-08-28,08:08:35,21.5,14.68,56.94300000000001,806,1.4,8.9,1012.55,584358.227513994,29.608538,56.56600200000001,0.0,2949.849854,602615.0,56.915165,246.20439100000002,3.0,101257.0,22.52,294.984985,22.455288
2023-08-28,08:13:35,21.51,14.68,57.506,828,1.4,7.5,1012.59,581216.5192279146,30.901497,57.629002,0.0,2978.125,593074.0,57.93460500000001,247.739365,2.0,101261.0,22.530001,297.8125,22.465296
2023-08-28,08:18:35,21.54,14.68,56.846,845,1.2,5.1,1012.55,582558.8195348026,31.04508400000001,56.403,0.0,2981.19165,595168.0,56.719673,247.408981,3.0,101251.0,22.59,298.119171,22.525295
2023-08-28,08:23:35,21.56,14.82,56.245,773,1.0,5.3,1012.57,579436.3782392185,30.804689,56.280998,0.0,2976.049316,597806.0,56.654125,246.834213,2.0,101257.0,22.57,297.604919,22.505297
2023-08-28,08:28:35,21.42,14.84,56.448,743,1.4,9.3,1012.65,585715.0953343889,29.651432,56.049,0.0,2950.8076170000004,603694.0,56.365269,245.26832599999997,2.0,101265.0,22.48,295.08075,22.415295
2023-08-28,08:33:35,21.42,14.82,56.395,714,1.1,3.4,1012.57,592595.0633375023,28.303051,56.019001,0.0,2920.019287,608597.0,56.377613,243.506165,3.0,101261.0,22.459999,292.001923,22.395294
2023-08-28,08:38:35,21.37,15.03,56.309,692,1.0,3.1,1012.65,597272.2107535325,27.007171999999997,56.046001000000004,0.0,2889.0151370000012,610249.0,56.384827,241.71456899999998,3.0,101267.0,22.42,288.90152,22.355295
2023-08-28,08:43:35,21.37,15.08,56.416000000000004,685,1.2,5.3,1012.67,593524.6234591046,25.745186,56.217999,0.0,2857.35791,611356.0,56.57635500000001,239.88504,3.0,101265.0,22.4,285.735779,22.335295
2023-08-28,08:48:35,21.32,15.03,56.64,675,1.2,2.8,1012.65,596801.1762699927,24.472452,56.301998,0.0,2823.818359,616385.0,56.651981000000006,237.856308,3.0,101267.0,22.360001,282.38183599999996,22.295296
2023-08-28,08:53:35,21.28,15.15,56.64100000000001,659,1.1,3.7,1012.69,594457.1044295486,24.65497,56.664001,0.0,2828.7338870000012,613581.0,57.01461,239.003464,3.0,101267.0,22.299999,282.873383,22.235294
2023-08-28,08:58:35,21.36,15.15,56.416,642,1.2,3.7,1012.69,600114.1063532542,24.174685999999998,56.410999,0.0,2815.719971,613581.0,56.774837,238.66507000000001,3.0,101269.0,22.35,281.571991,22.285295
2023-08-28,09:03:35,21.31,15.15,56.683,630,1.1,2.6,1012.74,598689.7860506225,23.136072,56.372002,0.0,2786.669922,617514.0,56.722534,236.984192,3.0,101276.0,22.35,278.666992,22.285297
2023-08-28,09:08:35,21.26,15.68,56.67100000000001,614,1.3,5.1,1012.82,600590.3870047525,22.473385,56.367001,0.0,2767.445068,620355.0,56.70145,236.11549399999998,3.0,101280.0,22.309998999999998,276.744507,22.245295000000002
2023-08-28,09:13:35,21.22,15.68,56.736000000000004,603,1.1,3.2,1012.84,603464.0228976753,22.13855,56.578999,0.0,2757.514648,620355.0,56.889492,236.022827,3.0,101286.0,22.26,275.751465,22.19528
2023-08-28,09:18:35,21.25,15.68,56.731,594,1.3,2.9,1012.86,604428.0221590286,21.351145000000002,56.369999,0.0,2733.557129,619215.0,56.677647,234.744904,3.0,101284.0,22.32,273.355713,22.255297
2023-08-28,09:23:35,21.36,15.91,56.50100000000001,591,1.7,8.6,1012.82,606851.5487707008,20.654903,56.248001,0.0,2711.625732,618647.0,56.615639,233.624847,3.0,101282.0,22.389999,271.162567,22.325294
2023-08-28,09:28:35,21.23,15.81,57.466,576,1.7,5.3,1012.9,602023.775791354,20.56093,57.104,0.0,2708.608887000001,615823.0,57.39834200000001,234.076675,3.0,101288.0,22.309998999999998,270.86090099999996,22.245295000000002
2023-08-28,09:33:35,21.28,15.81,56.964,563,1.5,3.4,1012.86,595392.5200372636,20.422035,56.805,0.0,2704.125,618647.0,57.11071,234.421387,3.0,101286.0,22.33,270.412506,22.265284
2023-08-28,09:38:35,21.22,16.41,57.489,559,1.6,4.1,1012.86,597272.2107535325,20.473537,56.958,0.0,2705.79126,615823.0,57.20539100000001,235.29689,3.0,101284.0,22.309998999999998,270.57913199999996,22.245293
2023-08-28,09:43:35,21.38,16.41,56.806000000000004,551,1.3,3.7,1012.88,600114.1063532542,19.560349,56.388999999999996,0.0,2675.606445,618647.0,56.665291,233.423843,3.0,101288.0,22.440001,267.560638,22.375296
2023-08-28,09:48:35,21.39,16.48,56.834,541,1.4,3.2,1012.82,604428.0221590286,17.816285999999995,56.51100200000001,0.0,2613.825195,622646.0,56.792023,228.80885299999997,3.0,101286.0,22.450001,261.382507,22.385289999999998
2023-08-28,09:53:35,21.47,16.48,57.043,537,1.3,5.2,1012.88,604911.1776641475,16.754265,56.546001,0.0,2573.1669920000004,630211.0,56.851482,225.992722,3.0,101288.0,22.49,257.316711,22.425282
2023-08-28,09:58:35,21.53,16.48,56.553,524,1.2,3.0,1012.92,609294.5884795649,15.979001,56.379002,0.0,2541.825439,630211.0,56.661922,223.99822999999998,3.0,101292.0,22.549999,254.18254100000001,22.485294
2023-08-28,10:03:35,21.52,16.74,56.486999999999995,518,1.4,4.4,1012.98,612748.0773255153,15.196055,56.280998,0.0,2508.590332,630800.0,56.561501,221.78884900000003,3.0,101298.0,22.549999,250.859039,22.485294
2023-08-28,10:08:35,21.48,16.84,56.541,512,1.1,3.9,1013.0,620790.7036443421,14.223179,56.120998,0.0,2464.821533,637962.0,56.373107999999995,218.63942000000003,3.0,101298.0,22.530001000000002,246.48214700000003,22.465296
2023-08-28,10:13:35,21.53,16.74,56.364,509,1.2,4.5,1012.96,624376.1257028643,13.150832,56.348,0.0,2412.965332,640994.0,56.63562,214.762436,3.0,101296.0,22.530001,241.296539,22.465294
2023-08-28,10:18:35,21.47,16.84,56.488,507,1.2,4.9,1013.02,623861.3889828221,12.638386,56.153999,0.0,2386.671875,650894.0,56.416077,213.106888,3.0,101302.0,22.51,238.667191,22.445295
2023-08-28,10:23:35,21.49,17.18,56.262,504,1.2,3.1,1013.04,631145.8365792049,11.557739,56.012001,0.0,2327.5419920000004,656598.0,56.283123,208.537292,3.0,101304.0,22.51,232.754211,22.445282
2023-08-28,10:28:35,21.44,17.18,56.56,500,1.1,2.8,1013.1,638602.4061485428,10.999528999999999,56.311001,0.0,2294.794434,658521.0,56.571026,206.27461200000002,3.0,101310.0,22.48,229.479431,22.415297
2023-08-28,10:33:35,21.43,17.6,56.541000000000004,499,1.1,3.1,1013.1,636989.7750309844,10.397128,56.220001,0.0,2257.535156,663706.0,56.469822,203.594757,3.0,101312.0,22.48,225.75351,22.415295
2023-08-28,10:38:35,21.47,17.6,56.298,499,1.2,3.2,1013.08,639682.0374632046,10.213461,56.272999,0.0,2245.744385,663054.0,56.538166000000004,203.166626,3.0,101308.0,22.5,224.574448,22.435295
2023-08-28,10:43:35,21.51,17.6,56.418,496,1.2,4.1,1013.08,643489.6657611994,9.498899,56.117001,0.0,2197.763184,668974.0,56.37298199999999,199.483307,3.0,101308.0,22.540001,219.776321,22.475298
2023-08-28,10:48:35,21.59,17.96,56.356,491,1.1,4.1,1013.06,639141.7658804756,9.057008,55.793999,0.0,2166.2497559999997,670971.0,56.009136,197.23689299999998,3.0,101304.0,22.65,216.624969,22.585295000000002
2023-08-28,10:53:35,21.72,18.03,56.0,486,1.1,2.5,1013.08,650682.5800986077,8.215705,55.562,0.0,2101.756104,676355.0,55.80798299999999,192.029892,3.0,101306.0,22.74,210.175613,22.675282
2023-08-28,10:58:35,21.76,18.03,55.841,483,1.2,3.9,1013.1,655189.4690841733,7.571347,55.611,0.0,2047.7244870000002,681826.0,55.832439,187.717697,3.0,101312.0,22.809998999999998,204.772446,22.745282999999997
2023-08-28,11:03:35,21.83,18.03,55.726000000000006,478,1.1,4.4,1013.1,658610.8214940222,7.001622,55.423,0.0,1995.973389,690907.0,55.65880600000001,183.567429,3.0,101308.0,22.870001,199.597336,22.805294
2023-08-28,11:08:35,21.95,18.25,55.729,473,1.1,4.5,1013.1,659184.5238799124,6.43227,55.33700200000001,0.0,1939.8659670000002,693751.0,55.605541,179.021057,3.0,101308.0,22.98,193.986603,22.915295
2023-08-28,11:13:35,21.97,18.25,55.576,474,1.2,3.0,1013.0,667911.5853313929,5.987007,55.143002,0.0,1892.4104,700234.0,55.403042000000006,175.230042,3.0,101298.0,23.0,189.241043,22.935289
2023-08-28,11:18:35,22.02,18.25,55.654,473,1.0,4.4,1012.98,670277.9665657082,5.567906,55.178001,0.0,1844.4013670000002,703155.0,55.452994999999994,171.33329799999996,3.0,101298.0,23.049999,184.44013999999999,22.985279000000002
2023-08-28,11:23:35,22.13,18.72,55.268,467,1.0,2.1,1013.0,673859.146359727,5.188898,54.949001,0.0,1797.765015,709070.0,55.219639,167.54129,3.0,101300.0,23.15,179.776505,23.085297
2023-08-28,11:28:35,22.16,18.72,55.142,464,1.1,2.5,1013.02,681751.1847773148,4.7125379999999994,54.876999,0.0,1734.062988,718897.0,55.147247,162.166931,3.0,101302.0,23.190001000000002,173.406296,23.125296
2023-08-28,11:33:35,22.15,18.84,55.105,458,1.1,2.3,1013.04,686700.3731886175,4.235199,54.779999,0.0,1663.413818,729790.0,55.028282,156.084183,3.0,101304.0,23.18,166.341385,23.115295
2023-08-28,11:38:35,22.08,18.82,55.254,453,1.0,2.8,1013.06,694897.8925656795,4.1262,54.905998,0.0,1646.1655269999999,732167.0,55.173565,154.93066399999995,3.0,101310.0,23.110001,164.616547,23.045279999999998
2023-08-28,11:43:35,21.99,18.95,55.19300000000001,452,1.0,1.9,1013.12,698103.1389315879,3.964453,54.966999,0.0,1619.711426,735361.0,55.219936,152.911301,3.0,101310.0,23.02,161.971146,22.955296
2023-08-28,11:48:35,21.91,18.94,55.589,456,0.9,2.6,1013.16,692354.809630756,3.9878430000000002,55.227001,0.0,1623.602905,731373.0,55.448246,153.72186299999996,3.0,101314.0,22.98,162.360291,22.915295
2023-08-28,11:53:35,21.94,18.95,55.361999999999995,459,1.1,4.2,1013.26,699393.532015916,3.805829,55.134998,0.0,1592.698364,737774.0,55.375786,151.266205,3.0,101326.0,22.99,159.269836,22.925282
2023-08-28,11:58:35,22.05,18.88,55.25,459,0.9,2.0,1013.26,700688.7043340246,3.611454,55.02,0.0,1558.018677,738582.0,55.224747,148.43331899999995,3.0,101316.0,23.120001000000002,155.801865,23.055294
2023-08-28,12:03:35,22.12,19.19,54.908,456,0.9,2.3,1013.26,711225.3693630641,3.3702730000000005,54.779999,0.0,1512.295898,747589.0,55.005276,144.534882,3.0,101316.0,23.18,151.22958400000005,23.115297
2023-08-28,12:08:35,22.29,19.19,54.74,458,1.0,2.8,1013.16,707898.7796078395,3.00705,54.676998,0.0,1436.858521,754612.0,54.93,137.78298999999998,3.0,101316.0,23.32,143.685852,23.255292999999998
2023-08-28,12:13:35,22.33,19.19,55.037,455,1.0,2.8,1013.12,775730.1431929322,2.879254,54.613998,0.0,1408.129395,753348.0,54.853058,135.427826,3.0,101314.0,23.4,140.812943,23.335297
2023-08-28,12:18:35,22.45,19.46,54.537,451,1.1,3.6,1013.08,773354.2483835069,2.602377,54.405998,0.0,1341.244507,767045.0,54.725861,129.414551,3.0,101308.0,23.450001,134.124451,23.385296
2023-08-28,12:23:35,22.44,19.43,54.841,451,0.9,3.1,1013.16,779722.5757990921,2.44089,54.417,0.0,1298.86499,771870.0,54.66283000000001,125.714912,3.0,101312.0,23.49,129.886505,23.425282
2023-08-28,12:28:35,22.49,19.23,54.652,449,1.0,3.7,1013.1,787832.0098934562,2.321834,54.561001,0.0,1265.785034,768793.0,54.870628,122.881859,3.0,101312.0,23.5,126.578506,23.435295
2023-08-28,12:33:35,22.56,19.43,54.26300000000001,449,1.0,2.9,1013.1,796530.4651895751,2.191337,54.289001,0.0,1227.518433,778098.0,54.580688,119.509918,3.0,101312.0,23.57,122.751839,23.505297
2023-08-28,12:38:35,22.68,19.16,54.08,447,1.1,2.3,1013.14,801587.79838355,1.918368,53.981998,0.0,1139.51001,795991.0,54.253914,111.30561100000001,3.0,101312.0,23.719998999999998,113.951004,23.655296
2023-08-28,12:43:35,22.82,19.32,53.92100000000001,444,0.9,1.9,1013.16,810594.3973888545,1.7578349999999998,53.671001,0.0,1081.6977539999998,797401.0,53.99463299999999,105.981049,3.0,101326.0,23.84,108.169769,23.77528
2023-08-28,12:48:35,22.91,19.32,53.62,441,1.1,3.4,1013.26,821584.011147042,1.6233600000000001,53.584998999999996,0.0,1029.049927,803571.0,53.88776800000001,101.112259,3.0,101328.0,23.93,102.90499100000001,23.865282
2023-08-28,12:53:35,22.99,19.75,53.378,438,0.9,2.1,1013.3,826965.5626197477,1.438117,53.312,0.0,948.896423,815710.0,53.623737,93.525787,3.0,101330.0,24.02,94.889641,23.955297
2023-08-28,12:58:35,23.04,19.75,52.955,435,1.0,2.3,1013.34,843072.2836454734,1.286019,52.834998999999996,0.0,874.9481199999999,832306.0,53.189583,86.48349,3.0,101332.0,24.049999,87.494812,23.985291
2023-08-28,13:03:35,22.95,19.75,53.352,435,1.0,2.4,1013.34,853041.0380152805,1.203958,53.325001,0.0,831.3287349999997,833333.0,53.691093,82.39106,3.0,101334.0,23.950001,83.132874,23.885296
2023-08-28,13:08:35,22.86,19.75,53.575,439,1.0,1.9,1013.36,852560.9926845741,1.13025,53.514998999999996,0.0,789.536011,840598.0,53.875698,78.458054,3.0,101332.0,23.870001000000002,78.953598,23.805298
2023-08-28,13:13:35,23.05,19.78,52.931999999999995,439,1.0,2.0,1013.28,863740.5204342419,1.083765,52.771,0.0,761.75354,847458.0,53.110336,75.884056,3.0,101334.0,24.059999,76.175354,23.995296
2023-08-28,13:18:35,23.25,19.78,51.82100000000001,434,0.8,2.4,1013.28,881326.850423707,0.9168200000000001,51.830002,0.0,660.435425,873221.0,52.213413,65.018784,3.0,101328.0,24.24,65.108856,24.175295000000002
2023-08-28,13:23:35,23.27,19.87,51.919,435,0.9,2.5,1013.28,893805.807822525,0.804638,51.888999999999996,0.0,625.89856,883508.0,52.228226,56.514732,3.0,101330.0,24.290001,56.47464,24.225296
2023-08-28,13:28:35,23.3,19.88,52.166,430,1.0,3.1,1013.38,903938.4457448708,0.711437,52.195999,0.0,593.323486,889914.0,52.576096,48.441833,3.0,101336.0,24.27,48.330868,24.205296
2023-08-28,13:33:35,23.26,19.74,52.443999999999996,432,1.1,3.9,1013.38,913752.0062532506,0.656979,52.5,0.0,572.2510990000002,900000.0,52.87676999999999,43.212379,3.0,101340.0,24.24,43.062767,24.175297
2023-08-28,13:38:35,23.27,19.72,52.43600000000001,433,1.0,2.5,1013.36,912651.1008037907,0.634838,52.465,0.0,563.179565,903614.0,52.84770200000001,40.981215999999996,3.0,101340.0,24.26,40.794888,24.195282000000002
2023-08-28,13:43:35,23.23,19.74,52.615,434,1.0,2.0,1013.42,915408.3534250377,0.615541,52.542,0.0,555.011414,907258.0,52.906372,38.963757,3.0,101340.0,24.209999,38.752857,24.145294
2023-08-28,13:48:35,23.46,19.72,51.563,435,0.8,1.5,1013.34,931734.8160619196,0.547203,51.499001,0.0,523.8710940000002,933610.0,51.850426,31.080409999999997,3.0,101332.0,24.450001,30.967781,24.385294000000002
2023-08-28,13:53:35,23.41,19.72,51.8,435,1.0,3.1,1013.38,935763.3153425704,0.5229050000000001,51.639999,0.0,511.852539,932320.0,51.977875,28.029184000000004,3.0,101338.0,24.42,27.96313300000001,24.355293
2023-08-28,13:58:35,23.56,19.72,51.145,431,0.8,1.7,1013.4,957649.0453271308,0.507206,51.169998,0.0,503.786255,950704.0,51.522071999999994,25.940458,2.0,101338.0,24.559998999999998,25.946564000000002,24.495287
2023-08-28,14:03:35,23.59,19.78,50.95,430,0.9,2.9,1013.44,967433.4495569076,0.5058159999999999,50.925999,0.0,503.05999800000006,968436.0,51.262951,25.739889,2.0,101344.0,24.59,25.765001,24.525295
2023-08-28,14:08:35,23.54,19.78,51.375,431,0.8,1.6,1013.46,973650.8850873123,0.5,51.367001,0.0,500.0,983965.0,51.695728,25.0,2.0,101348.0,24.549999,25.0,24.485292
2023-08-28,14:13:35,23.64,19.73,51.114,431,1.0,2.3,1013.4,983766.7334445256,0.50239,51.131001,0.0,501.262085,985401.0,51.442963,25.295017,2.0,101344.0,24.65,25.315521,24.585287
2023-08-28,14:18:35,23.61,19.73,51.405,431,0.9,1.4,1013.42,988258.8167916876,0.508302,51.389998999999996,0.0,504.357513,986121.0,51.684433,26.005297,2.0,101342.0,24.629998999999998,26.089378,24.565294
2023-08-28,14:23:35,23.68,19.79,51.00899999999999,431,0.9,2.2,1013.38,994094.9880707108,0.512264,51.028,0.0,506.412292,995575.0,51.336052,26.461153000000003,2.0,101342.0,24.67,26.603069,24.605295
2023-08-28,14:28:35,23.75,19.8,50.952,432,0.9,2.1,1013.38,1001322.3770920854,0.510617,50.879002,0.0,505.55981399999996,1003717.0,51.152969,26.24617000000001,2.0,101342.0,24.77,26.389954,24.705296
2023-08-28,14:33:35,23.88,19.79,50.773999999999994,427,1.1,2.7,1013.32,1010000.5002034404,0.508208,50.813999,0.0,504.308807,1016566.0,51.132195,25.948946,2.0,101332.0,24.870001,26.077202,24.805285
2023-08-28,14:38:35,23.94,19.92,50.585,430,1.1,3.5,1013.32,1016779.0238335736,0.504868,50.662997999999995,0.0,502.56402599999996,1022727.0,50.975426,25.557598000000002,2.0,101332.0,24.91,25.641006,24.845295
2023-08-28,14:43:35,24.01,19.92,50.292,428,1.0,3.5,1013.32,1027119.144628868,0.5,50.258999,0.0,500.0,1041667.0,50.548183,25.0,2.0,101328.0,24.98,25.0,24.915297
2023-08-28,14:48:35,24.01,19.88,50.113,427,1.1,3.9,1013.34,1039808.3251302836,0.507011,50.234001,0.0,503.684387,1053864.0,50.511444,25.770386,2.0,101334.0,25.01,25.921101,24.945297
2023-08-28,14:53:35,24.08,20.09,50.317,427,1.1,3.1,1013.3,1043388.9306639768,0.510548,50.368999,0.0,505.524384,1052221.0,50.654781,26.140524,2.0,101330.0,25.07,26.381098,25.005295
2023-08-28,14:58:35,24.12,20.09,50.353,425,0.9,1.8,1013.28,1046271.2192072205,0.515817,50.27,0.0,508.241211,1054688.0,50.53603,26.688253000000003,2.0,101328.0,25.120001000000002,27.060299,25.055296
2023-08-28,15:03:35,24.21,20.11,50.04600000000001,427,1.0,3.2,1013.12,1059441.0607090676,0.5146229999999999,50.070999,0.0,507.627869,1065509.0,50.328827,26.546951,2.0,101312.0,25.219999,26.906967,25.155294
2023-08-28,15:08:35,24.26,20.11,50.139,426,1.1,5.5,1013.14,1060182.4467016042,0.506714,50.083,0.0,503.529419,1069731.0,50.341774,25.708285999999998,2.0,101316.0,25.280001000000002,25.882353,25.215296
2023-08-28,15:13:35,24.34,20.15,50.008,422,1.0,3.9,1013.18,1067653.77841057,0.5,49.88800000000001,0.0,500.0,1083467.0,50.153828,25.0,2.0,101318.0,25.35,25.0,25.285297
2023-08-28,15:18:35,24.38,20.05,49.681,425,1.2,6.4,1013.3,1079060.3307782758,0.507864,49.667999,0.0,504.12945599999995,1092233.0,49.94410300000001,25.81317300000001,2.0,101332.0,25.360001,26.032364,25.295294000000002
2023-08-28,15:23:35,24.42,20.15,49.691,424,1.0,3.5,1013.36,1082916.8706435966,0.507316,49.598999,0.0,503.843811,1092233.0,49.843231,25.749962,2.0,101336.0,25.450001,25.960957,25.385296
2023-08-28,15:28:35,24.52,20.12,49.657,423,1.0,4.9,1013.4,1088362.5709027164,0.500238,49.627998,0.0,500.126221,1105651.0,49.877926,25.024279,2.0,101338.0,25.540001,25.031551,25.475298000000002
2023-08-28,15:33:35,24.76,20.33,49.118,423,0.8,1.8,1013.38,1093074.0951229187,0.5149590000000001,49.151001,0.0,507.800568,1103843.0,49.471642,26.482597,2.0,101336.0,25.690001,26.950144,25.625296
2023-08-28,15:38:35,24.63,20.33,49.413,424,1.0,2.8,1013.34,1101017.9441008666,0.51013,49.395,0.0,505.307404,1118476.0,49.636688,26.004599,2.0,101336.0,25.639999,26.326851,25.575295999999998
2023-08-28,15:43:35,24.71,20.33,49.37600000000001,425,1.0,3.8,1013.4,1103423.663260167,0.512633,49.382999,0.0,506.602692,1123128.0,49.637943,26.239527,2.0,101344.0,25.709999,26.650675,25.645292
2023-08-28,15:48:35,24.77,20.32,49.31100000000001,422,1.0,3.8,1013.44,1104227.9075661465,0.507915,49.284,0.0,504.15603600000003,1125000.0,49.553967,25.774872,2.0,101348.0,25.76,26.039007,25.695295
2023-08-28,15:53:35,24.97,20.32,48.501999999999995,420,0.9,2.2,1013.44,1120562.632898853,0.503788,48.646,0.0,501.997192,1140203.0,48.977524,25.368258,2.0,101342.0,25.9,25.499298,25.835295
2023-08-28,15:58:35,24.79,20.32,48.978,423,0.9,2.5,1013.48,1129754.4179416557,0.5032989999999999,49.050999,0.0,501.74035599999996,1154833.0,49.318375,25.318687,2.0,101354.0,25.77,25.435087,25.705296
2023-08-28,16:03:35,24.81,20.1,49.053000000000004,423,0.9,4.0,1013.56,1130597.517899619,0.5122770000000001,48.978001,0.0,506.418915,1148936.0,49.213367,26.171045,2.0,101356.0,25.82,26.604731,25.755295
2023-08-28,16:08:35,24.83,20.1,49.06399999999999,422,1.1,2.7,1013.54,1133134.384863806,0.505811,49.019001,0.0,503.0578,1156812.0,49.281006,25.554995,2.0,101354.0,25.84,25.764448,25.775291
2023-08-28,16:13:35,24.94,20.13,48.943999999999996,423,0.9,3.6,1013.58,1135682.6620244943,0.516733,48.88600200000001,0.0,508.710602,1160791.0,49.13271,26.569065,2.0,101360.0,25.969999,27.17765,25.905294
2023-08-28,16:18:35,25.22,20.13,48.019,422,1.0,4.8,1013.6,1139955.3564868835,0.511442,48.037997999999995,0.0,505.987152,1172893.0,48.33992,26.068953,2.0,101360.0,26.15,26.496788000000002,26.085295000000002
2023-08-28,16:23:35,24.96,20.33,48.602,422,1.2,3.9,1013.67,1147727.7761426235,0.5060359999999999,48.665001,0.0,503.17514000000006,1181102.0,48.920803,25.567026,2.0,101367.0,25.959999,25.793785,25.895296
2023-08-28,16:28:35,24.92,20.4,48.73,423,0.9,2.7,1013.64,1153846.657421932,0.5108600000000001,48.668999,0.0,505.68603499999995,1180070.0,48.90292700000001,26.011442000000002,2.0,101367.0,25.950001,26.421507000000002,25.885298000000002
2023-08-28,16:33:35,24.97,20.41,48.556999999999995,426,0.9,3.2,1013.71,1161810.319737752,0.509742,48.521999,0.0,505.105896,1194690.0,48.751419,25.901646,2.0,101367.0,25.98,26.276478000000004,25.915293
2023-08-28,16:38:35,25.0,20.27,48.453,427,0.8,2.3,1013.67,1165385.1192670176,0.508672,48.446999,0.0,504.55014000000006,1195748.0,48.709553,25.80198900000001,2.0,101371.0,26.0,26.137537,25.935297
2023-08-28,16:43:35,25.1,20.27,48.336999999999996,427,1.0,2.8,1013.69,1167180.7812803714,0.51381,48.300999,0.0,507.209381,1198934.0,48.5411,26.263424,2.0,101369.0,26.120001,26.802347,26.055298
2023-08-28,16:48:35,25.11,20.28,48.464,426,1.0,2.1,1013.67,1172601.123271933,0.5186430000000001,48.404999,0.0,509.68707300000005,1195748.0,48.627331,26.6903,2.0,101365.0,26.139999,27.421764000000003,26.075295999999998
2023-08-28,16:53:35,25.47,20.28,46.827,420,0.9,4.3,1013.62,1186374.8192542505,0.508821,47.056999,0.0,504.627655,1225045.0,47.376671,25.798223,2.0,101365.0,26.4,26.156912,26.335295
2023-08-28,16:58:35,25.33,20.17,47.375,427,0.8,2.6,1013.69,1197628.9632657128,0.512397,47.446999,0.0,506.48092699999995,1234004.0,47.721092,26.106369,2.0,101367.0,26.309998999999998,26.62023,26.245295000000002
2023-08-28,17:03:35,25.23,20.17,47.645,427,0.8,1.8,1013.65,1205251.101641795,0.5142140000000001,47.537998,0.0,507.41751100000016,1234004.0,47.786411,26.263226,2.0,101364.0,26.25,26.85438,26.185297
2023-08-28,17:08:35,25.25,20.11,47.865,427,0.7,1.5,1013.65,1205251.101641795,0.5,47.737,0.0,500.0,1256983.0,47.98439000000001,25.0,2.0,101365.0,26.27,25.0,26.205296
2023-08-28,17:13:35,25.39,20.17,47.299,426,0.8,2.0,1013.67,1208134.4763570412,0.507851,47.223,0.0,504.122803,1264045.0,47.50285,25.692926,2.0,101369.0,26.379999,26.030703,26.315296000000004
2023-08-28,17:18:35,25.38,20.06,46.577,428,0.9,2.3,1013.71,1226721.153375668,0.511493,46.58700200000001,0.0,506.013733,1291866.0,46.828720000000004,26.001373,2.0,101375.0,26.4,26.503431,26.335281
2023-08-28,17:23:35,25.52,20.1,46.078,432,0.8,1.7,1013.75,1239771.3734183398,0.516482,46.250999,0.0,508.582184,1299326.0,46.563641,26.407068,2.0,101375.0,26.48,27.145546000000003,26.415293
2023-08-28,17:28:35,25.49,20.1,46.742,430,0.9,3.4,1013.73,1267782.9336167832,0.522984,46.722,0.0,511.892395,1288168.0,47.017086,26.934319,2.0,101375.0,26.459999,27.973096999999996,26.395294
2023-08-28,17:33:35,25.4,20.1,47.284,433,0.8,1.9,1013.75,1245888.664065704,0.526655,47.153,0.0,513.743469,1286940.0,47.44252,27.23247700000001,2.0,101377.0,26.42,28.435862,26.355297
2023-08-28,17:38:35,25.61,19.84,46.448,427,0.9,1.7,1013.75,1244864.926846881,0.511921,46.509997999999996,0.0,506.235138,1313230.0,46.855408000000004,26.001286,2.0,101373.0,26.549999,26.558785999999998,26.485296
2023-08-28,17:43:35,25.54,19.68,46.965,432,0.9,1.9,1013.83,1269908.302377969,0.535547,47.016998,0.0,518.1740110000002,1300578.0,47.335976,27.914684,2.0,101383.0,26.52,29.543507,26.455296
2023-08-28,17:48:35,25.67,19.51,46.705,431,0.9,2.9,1013.87,1268844.7279769343,0.526501,46.796001000000004,0.0,513.6659549999998,1294343.0,47.151119,27.190126,2.0,101387.0,26.639999,28.416487,26.575296
2023-08-28,17:53:35,25.63,19.68,47.16,432,0.9,2.4,1013.79,1259352.1275268232,0.522883,47.150002,0.0,511.841461,1320939.0,47.500763,26.897739,2.0,101381.0,26.620001,27.960365000000003,26.555281
2023-08-28,17:58:35,25.53,19.68,47.533,431,1.0,3.0,1013.77,1259352.1275268232,0.516374,47.542999,0.0,508.526825,1306873.0,47.842415,26.371278999999998,3.0,101379.0,26.559998999999998,27.131706,26.495295000000002
2023-08-28,18:03:35,25.6,19.52,47.571999999999996,432,0.8,2.0,1013.75,1267782.9336167832,0.537231,47.56600200000001,0.0,519.004333,1298077.0,47.895504,28.051725,2.0,101375.0,26.6,29.751087,26.535297
2023-08-28,18:08:35,25.56,19.54,47.681,433,0.9,2.8,1013.79,1240786.7468044208,0.5520729999999999,47.750999,0.0,526.215942,1279621.0,48.06678,29.224388,3.0,101377.0,26.57,31.553988,26.505295
2023-08-28,18:13:35,25.52,19.54,47.143,433,0.8,2.3,1013.83,1264608.1862063194,0.587929,47.068999999999996,0.0,542.866638,1284491.0,47.302521,31.931328000000004,3.0,101381.0,26.59,35.716656,26.525297
2023-08-28,18:18:35,25.69,19.47,47.065,438,0.9,3.3,1013.89,1256219.41195619,0.515834,47.244999,0.0,508.250061,1309408.0,47.561203000000006,26.33863400000001,3.0,101387.0,26.67,27.062513,26.60528
2023-08-28,18:23:35,25.9,19.61,46.526,434,0.8,2.8,1013.93,1269908.302377969,0.5198729999999999,46.696999,0.0,510.31366,1296830.0,47.054276,26.678459000000004,2.0,101391.0,26.860001,27.578419,26.795282
2023-08-28,18:28:35,25.71,19.61,47.538,431,0.9,2.4,1013.97,1244864.926846881,0.548381,47.743,0.0,524.440186,1294343.0,48.064575,28.991042999999998,3.0,101397.0,26.719998999999998,31.110043,26.655294
2023-08-28,18:33:35,25.81,19.31,46.907,434,1.0,3.5,1013.97,1258306.1543877472,0.533173,46.931999,0.0,516.998291,1289398.0,47.275829,27.779802,2.0,101393.0,26.799999,29.249575,26.735294
2023-08-28,18:38:35,25.67,19.28,47.471,431,0.7,2.4,1013.97,1242822.491312817,0.540165,47.497002,0.0,520.445801,1306873.0,47.854519,28.355041999999997,3.0,101395.0,26.65,30.111446,26.585293
2023-08-28,18:43:35,25.66,19.28,47.481,436,0.6,2.5,1013.95,1258306.1543877472,0.5215850000000001,47.562,0.0,511.183838,1303089.0,47.889919,26.841564,3.0,101397.0,26.66,27.795961,26.595295
2023-08-28,18:48:35,25.75,19.28,47.522,435,1.0,4.2,1013.95,1259352.1275268232,0.536341,47.481998,0.0,518.565918,1284491.0,47.771488,28.067734,3.0,101395.0,26.77,29.641485,26.705296
2023-08-28,18:53:35,25.75,19.21,47.69300000000001,438,0.8,4.6,1013.91,1241803.7847370782,0.543038,47.682999,0.0,521.849609,1283270.0,47.969177,28.62280800000001,3.0,101389.0,26.77,30.462395,26.705294
2023-08-28,18:58:35,25.75,19.21,47.699,435,0.8,2.3,1013.93,1232710.0257133571,0.539862,47.717999,0.0,520.297424,1304348.0,48.015907,28.377113,3.0,101393.0,26.75,30.074358,26.685295
2023-08-28,19:03:35,25.77,19.21,47.508,436,0.7,2.6,1013.95,1252066.6220598614,0.5624859999999999,47.584999,0.0,531.160217,1282051.0,47.879391,30.202631,3.0,101393.0,26.75,32.790054,26.685291
2023-08-28,19:08:35,25.73,19.28,47.544,436,0.8,2.2,1013.97,1253102.2433614864,0.537559,47.534,0.0,519.166016,1278409.0,47.81609,28.21126,3.0,101399.0,26.719998999999998,29.791496000000002,26.655289
2023-08-28,19:13:35,24.89,19.28,46.913000000000004,438,0.8,3.4,1013.95,1255178.6340409308,0.642749,47.146,0.0,566.456543,1310680.0,47.644173,36.173664,3.0,101397.0,25.559999,41.614136,25.495281
2023-08-28,19:18:35,23.5,19.28,49.652,418,0.7,1.8,1013.97,1261449.2993162107,0.8221290000000001,49.688999,0.0,631.588989,1303089.0,49.971645,47.201843,3.0,101399.0,24.440001000000002,57.897255,24.375298
2023-08-28,19:23:35,23.59,19.11,49.515,410,0.9,2.4,1014.01,1246914.0864487155,0.8560719999999999,49.164001,0.0,642.294617,1289398.0,49.166843,49.091827,3.0,101401.0,24.809999,60.57365,24.745295
2023-08-28,19:28:35,23.86,19.11,49.218,411,1.0,4.5,1014.01,1247941.1981602423,0.8319770000000001,48.875999,0.0,634.739807,1286940.0,48.992523,47.891754,3.0,101403.0,25.030001000000002,58.684948,24.965281
2023-08-28,19:33:35,24.45,18.89,48.434,436,0.9,5.1,1013.97,1247941.1981602423,0.763798,48.348,0.0,612.115234,1284491.0,48.527462,44.115051,3.0,101403.0,25.540001,53.028816000000006,25.475298
2023-08-28,19:38:35,24.72,18.85,48.03100000000001,451,0.8,3.8,1014.03,1241803.7847370782,0.733962,47.994999,0.0,601.571289,1284491.0,48.188763,42.378593,3.0,101401.0,25.77,50.392826,25.70528
2023-08-28,19:43:35,24.67,18.89,48.135,458,0.9,2.9,1014.04,1243842.8706415957,0.733182,47.945999,0.0,601.2901,1282051.0,48.107128,42.391975,3.0,101406.0,25.790001,50.322525,25.725298
2023-08-28,19:48:35,24.71,18.76,47.901,464,0.8,2.1,1014.1,1247941.1981602423,0.720773,47.828998999999996,0.0,596.773193,1284491.0,48.024284,41.675259000000004,3.0,101408.0,25.76,49.193290999999995,25.69528
2023-08-28,19:53:35,24.6,18.61,48.31800000000001,472,1.4,5.6,1014.14,1222760.7960436558,0.909378,49.396,0.0,658.278809,1252319.0,50.159603,52.370239,3.0,101414.0,24.889999,64.569702,24.825296
2023-08-28,19:58:35,22.35,18.59,52.269,426,1.3,7.6,1014.22,1173509.4119249082,1.608985,52.238997999999995,0.0,1023.1657710000001,1189427.0,52.550293,78.66703000000003,3.0,101418.0,23.299999,102.316574,23.235294
2023-08-28,20:03:35,22.16,18.61,52.76600000000001,449,1.0,5.9,1014.26,1133134.384863806,2.242909,52.599998,0.0,1242.906982,1151877.0,52.73171600000001,94.157455,3.0,101422.0,23.290001,124.290695,23.225288
2023-08-28,20:08:35,22.54,18.45,51.928,454,1.3,5.9,1014.28,1113971.0907927142,2.4064330000000003,51.48,0.0,1289.460205,1129707.0,51.759823,97.656311,3.0,101430.0,23.709999,128.946014,23.645296
2023-08-28,20:13:35,21.97,18.29,53.032,434,0.9,3.0,1014.3,1104227.9075661465,2.928237,52.790001,0.0,1419.28894,1105651.0,53.006466,107.015846,3.0,101426.0,23.059999,141.928894,22.995295
2023-08-28,20:18:35,21.87,18.45,53.283,440,0.7,1.5,1014.26,1081370.951451259,3.3300739999999998,53.101002,0.0,1504.35791,1086082.0,53.273247,113.29018400000001,3.0,101426.0,22.99,150.435791,22.925287
2023-08-28,20:23:35,22.16,18.24,52.986000000000004,445,1.2,6.2,1014.26,1070671.8796160454,3.483879,52.348,0.0,1534.227295,1083467.0,52.412518,115.706726,3.0,101428.0,23.4,153.422729,23.335297
2023-08-28,20:28:35,22.73,18.24,51.562,457,1.1,4.2,1014.28,1079829.4397264223,3.087545,51.195999,0.0,1454.3339839999999,1088710.0,51.376540999999996,110.35996999999999,3.0,101430.0,23.870001000000002,145.433395,23.805283
2023-08-28,20:33:35,22.84,18.16,51.316,457,1.0,4.7,1014.32,1076759.5634985685,2.97275,51.182999,0.0,1429.269409,1087832.0,51.274544,108.872894,3.0,101432.0,23.91,142.926941,23.845297
2023-08-28,20:38:35,22.97,17.69,51.12,463,1.0,2.6,1014.3,1082916.8706435966,2.670563,50.945999,0.0,1358.354492,1105651.0,51.057507,104.103699,3.0,101430.0,24.049999,135.835449,23.985294
2023-08-28,20:43:35,23.01,18.16,50.907,458,1.0,2.7,1014.3,1093863.317952672,2.665094,50.743999,0.0,1356.998291,1102941.0,50.90797,104.285339,3.0,101432.0,24.110001,135.699829,24.045296
2023-08-28,20:48:35,22.93,17.65,51.072,476,0.9,2.5,1014.34,1097031.6390015495,2.566286,50.764,0.0,1332.005737,1113861.0,50.889915,102.769386,3.0,101436.0,24.07,133.200577,24.005281
2023-08-28,20:53:35,23.02,17.65,50.824,460,1.8,7.4,1014.38,1088362.5709027164,2.791314,50.481998,0.0,1387.6096189999994,1100245.0,50.627743,107.055672,3.0,101438.0,24.190001,138.760956,24.125298
2023-08-28,20:58:35,23.48,17.65,50.01,460,3.6,9.9,1014.36,1063158.3960894109,3.0019709999999997,49.700001,0.0,1435.740356,1081731.0,49.923916,110.82494399999999,3.0,101438.0,24.549999,143.574036,24.485279000000002
2023-08-28,21:03:35,23.43,17.35,50.185,465,2.0,4.8,1014.38,1069915.7557440882,2.953411,49.909,0.0,1424.951782,1080865.0,50.071846,110.346031,3.0,101436.0,24.52,142.495178,24.455294
2023-08-28,21:08:35,23.52,17.23,49.648,444,2.4,4.9,1014.4,1085244.0548720714,2.651859,49.490002000000004,0.0,1353.704834,1101142.0,49.691277,105.44393899999999,3.0,101444.0,24.6,135.370483,24.535292000000002
2023-08-28,21:13:35,23.32,17.35,50.044,433,2.1,4.6,1014.53,1089928.5595283248,2.492613,50.043999,0.0,1312.736816,1112943.0,50.233887,102.724586,3.0,101455.0,24.370001,131.273682,24.305298
2023-08-28,21:18:35,22.66,17.19,51.433,418,1.2,2.8,1014.61,1094653.681277869,2.6521470000000003,51.102001,0.0,1353.776733,1108374.0,51.22047,106.007263,3.0,101459.0,23.809998999999998,135.37767,23.745296
2023-08-28,21:23:35,22.43,16.98,52.023,419,25.3,40.0,1014.57,1085244.0548720714,3.075837,51.88800000000001,0.0,1451.820801,1083467.0,52.104145,113.507248,3.0,101457.0,23.469999,145.182083,23.405281
2023-08-28,21:28:35,22.09,16.98,52.834,416,24.3,38.8,1014.55,1057961.3950899518,3.516565,52.622002,0.0,1540.404785,1070579.0,52.71524,120.362167,3.0,101455.0,23.26,154.040482,23.195282000000002
2023-08-28,21:33:35,21.93,16.98,53.458999999999996,417,5.2,9.5,1014.59,1047718.3433307176,3.843978,53.063999,0.0,1599.2966310000006,1055512.0,53.24416400000001,125.060341,3.0,101455.0,23.08,159.92965700000005,23.015282
2023-08-28,21:38:35,21.82,16.8,53.988,426,3.5,6.5,1014.57,1016779.0238335736,4.528753,53.514998999999996,0.0,1707.747314,1026616.0,53.65870699999999,133.479004,3.0,101459.0,23.0,170.774734,22.935295
2023-08-28,21:43:35,21.57,16.73,54.443999999999996,435,2.3,3.8,1014.67,1005976.5957386192,5.11715,54.243,0.0,1788.554077,1013514.0,54.357304000000006,139.89086899999998,3.0,101465.0,22.73,178.855408,22.665283
2023-08-28,21:48:35,21.45,16.73,55.15600000000001,424,2.1,4.8,1014.65,990196.5782358124,6.076338,54.504002,0.0,1902.208252,986121.0,54.564583,148.806671,3.0,101463.0,22.719998999999998,190.220825,22.655296
2023-08-28,21:53:35,21.32,16.73,55.369,421,1.5,3.5,1014.63,974277.0268263451,7.081874000000001,54.803001,0.0,2003.512695,964286.0,54.886223,156.857254,3.0,101465.0,22.57,200.351273,22.505297
2023-08-28,21:58:35,21.51,16.55,55.004,422,1.3,3.6,1014.63,951633.6649019759,7.911171,54.835999,0.0,2076.769043,957447.0,55.132518999999995,162.840927,3.0,101463.0,22.540001,207.676895,22.475296
2023-08-28,22:03:35,21.27,16.18,55.775,424,1.2,3.1,1014.65,936341.6607276087,9.407695,55.405998,0.0,2191.380859,929112.0,55.731995,172.00294499999995,3.0,101463.0,22.370001,219.138077,22.305285
2023-08-28,22:08:35,21.31,16.55,55.703,423,1.6,3.3,1014.69,918182.3166685406,10.337703999999999,55.162997999999995,0.0,2253.743164,915254.0,55.323856000000006,177.250351,3.0,101469.0,22.52,225.37432900000002,22.455289999999998
2023-08-28,22:13:35,21.03,16.18,56.32,422,1.4,4.0,1014.77,905018.4194153892,12.283786,55.817001,0.0,2367.845703,897010.0,55.974472,186.479843,3.0,101475.0,22.26,236.784576,22.19528
2023-08-28,22:18:35,21.13,16.0,56.135,431,1.2,2.6,1014.79,889085.0050558172,13.824925,55.821999,0.0,2446.03418,879479.0,56.044014000000004,193.029968,3.0,101479.0,22.280001000000002,244.60342400000002,22.215298
2023-08-28,22:23:35,20.91,15.91,56.661,425,1.2,4.5,1014.79,879280.8228763277,15.648859,56.287998,0.0,2528.014404,866496.0,56.447975,199.901596,3.0,101481.0,22.08,252.801437,22.01528
2023-08-28,22:28:35,20.83,15.91,56.967,424,1.2,2.8,1014.75,860307.141531449,18.162497000000002,56.613997999999995,0.0,2626.556641,844806.0,56.759274,208.106644,3.0,101477.0,22.0,262.65567000000004,21.935297
2023-08-28,22:33:35,20.68,15.85,57.355,424,1.3,3.3,1014.71,842603.3894308155,21.203016,56.676998,0.0,2728.95166,828221.0,56.793659,216.657425,3.0,101469.0,21.940001,272.895172,21.875294
2023-08-28,22:38:35,20.48,15.85,57.914,425,1.3,2.7,1014.69,828775.1142093001,25.317923,57.695999,0.0,2846.286865,812763.0,57.91957900000001,226.43290699999997,3.0,101471.0,21.620001000000002,284.628693,21.555296
2023-08-28,22:43:35,20.52,15.85,57.838,426,1.3,3.6,1014.73,806280.4329899508,29.974226,57.689999,0.0,2957.970215,788551.0,57.95053100000001,235.829468,3.0,101469.0,21.629999,295.7970279999999,21.565294
2023-08-28,22:48:35,20.81,15.62,57.201,432,1.4,3.4,1014.73,799894.900154829,31.335295000000002,56.970001,0.0,2987.347168,783063.0,57.225727,238.85389700000002,3.0,101471.0,21.9,298.734711,21.835293
2023-08-28,22:53:35,20.48,15.59,58.107,432,1.6,4.1,1014.77,785381.5230432003,36.356747,57.596001,0.0,3085.673584,767045.0,57.778847,246.511765,3.0,101475.0,21.700001,308.567352,21.6353
2023-08-28,22:58:35,20.43,15.59,58.451,445,112.1,176.5,1014.77,704603.163687343,42.903366,57.980999,0.0,3195.2036129999997,749168.0,58.096957999999994,248.600143,2.0,101475.0,21.65,319.520355,21.585293
2023-08-28,23:03:35,20.7,15.43,57.66,447,96.6,168.0,1014.79,666734.6494665648,69.249313,57.59,0.0,3511.920898,701692.0,57.866989,248.167404,2.0,101481.0,21.75,351.192078,21.685295
2023-08-28,23:08:35,20.51,15.42,58.164,445,11.1,20.7,1014.79,651803.4794908597,82.344101,57.611,0.0,3626.493652,683900.0,57.766418,247.17750499999997,2.0,101475.0,21.73,362.64935299999996,21.665293
2023-08-28,23:13:35,20.67,15.42,57.805,435,2.3,5.3,1014.73,650123.5748604994,81.191238,57.305,0.0,3617.166504,678396.0,57.478088,246.47197000000003,2.0,101475.0,21.85,361.716644,21.785282
2023-08-28,23:18:35,20.61,15.16,57.82899999999999,439,1.9,4.2,1014.81,652928.2473884496,80.957176,57.629002,0.0,3615.256592,679764.0,57.740761,247.101089,3.0,101481.0,21.75,361.525665,21.685295
2023-08-28,23:23:35,20.3,15.15,58.738,442,1.9,4.5,1014.77,651803.4794908597,79.98687,58.125,0.0,3607.280029,681137.0,58.182602,246.58761600000003,2.0,101479.0,21.58,360.727997,21.515295
2023-08-28,23:28:35,20.29,15.15,59.23,442,2.0,8.3,1014.79,637526.4130186911,91.953644,58.348,0.0,3699.5119630000004,664360.0,58.353836,246.95683300000002,2.0,101479.0,21.6,369.951202,21.535282000000002
2023-08-28,23:33:35,20.44,15.06,58.518,447,45.9,81.4,1014.81,637526.4130186911,92.831879,58.189999,0.0,3705.800293,661104.0,58.37669399999999,248.13855,3.0,101481.0,21.58,370.580017,21.515291
2023-08-28,23:38:35,21.13,15.15,56.965,473,112.3,188.9,1014.79,631672.6690939436,96.413376,56.549,0.0,3730.842529,655321.0,56.63678,247.20105,3.0,101477.0,22.33,373.084259,22.265293
2023-08-28,23:43:35,21.58,14.89,55.852,476,80.9,135.9,1014.83,637526.4130186911,81.217056,55.581001,0.0,3617.376709000001,665672.0,55.751408,240.71167000000003,3.0,101483.0,22.719999,361.737671,22.655293
2023-08-28,23:48:35,21.79,14.84,55.424,473,67.9,114.1,1014.73,645135.4181461168,69.560608,55.19100200000001,0.0,3514.8876950000013,673652.0,55.37936800000001,234.872971,3.0,101473.0,22.91,351.48877000000016,22.845285
2023-08-28,23:53:35,21.95,14.82,55.076,475,56.7,97.4,1014.67,652928.2473884496,58.766102,54.931000000000004,0.0,3403.331543,681826.0,55.133999,228.415131,3.0,101465.0,23.040001,340.33316,22.975298
2023-08-28,23:58:35,22.05,14.84,54.911,477,48.2,81.4,1014.59,666147.7355868309,50.475697,54.688999,0.0,3302.72998,696617.0,54.901291,222.606995,3.0,101461.0,23.139999,330.27301,23.075295999999998
